--
-- PostgreSQL database dump
--

\restrict 574NUHUVhAiUj0gpNxFEaSGXZ61C7CbOq2u4vxYduBe3ZWAtNcgsIb3AbxVbeyZ

-- Dumped from database version 18.1
-- Dumped by pg_dump version 18.1

-- Started on 2026-04-13 19:30:00

SET statement_timeout = 0;
SET lock_timeout = 0;
SET idle_in_transaction_session_timeout = 0;
SET transaction_timeout = 0;
SET client_encoding = 'UTF8';
SET standard_conforming_strings = on;
SELECT pg_catalog.set_config('search_path', '', false);
SET check_function_bodies = false;
SET xmloption = content;
SET client_min_messages = warning;
SET row_security = off;

SET default_tablespace = '';

SET default_table_access_method = heap;

--
-- TOC entry 220 (class 1259 OID 20722)
-- Name: container_type_templates; Type: TABLE; Schema: public; Owner: postgres
--

CREATE TABLE public.container_type_templates (
    template_id bigint NOT NULL,
    columns_count integer NOT NULL,
    max_samples_count integer NOT NULL,
    numbering_type character varying(20) NOT NULL,
    rows_count integer NOT NULL,
    template_name character varying(255) NOT NULL
);


ALTER TABLE public.container_type_templates OWNER TO postgres;

--
-- TOC entry 5184 (class 0 OID 0)
-- Dependencies: 220
-- Name: COLUMN container_type_templates.numbering_type; Type: COMMENT; Schema: public; Owner: postgres
--

COMMENT ON COLUMN public.container_type_templates.numbering_type IS 'LETTER_DIGIT, DIGIT_LETTER, DIGIT_DIGIT, SEQUENTIAL';


--
-- TOC entry 219 (class 1259 OID 20721)
-- Name: container_type_templates_template_id_seq; Type: SEQUENCE; Schema: public; Owner: postgres
--

ALTER TABLE public.container_type_templates ALTER COLUMN template_id ADD GENERATED BY DEFAULT AS IDENTITY (
    SEQUENCE NAME public.container_type_templates_template_id_seq
    START WITH 1
    INCREMENT BY 1
    NO MINVALUE
    NO MAXVALUE
    CACHE 1
);


--
-- TOC entry 222 (class 1259 OID 20734)
-- Name: departments; Type: TABLE; Schema: public; Owner: postgres
--

CREATE TABLE public.departments (
    department_id bigint NOT NULL,
    department_name character varying(255) NOT NULL
);


ALTER TABLE public.departments OWNER TO postgres;

--
-- TOC entry 221 (class 1259 OID 20733)
-- Name: departments_department_id_seq; Type: SEQUENCE; Schema: public; Owner: postgres
--

ALTER TABLE public.departments ALTER COLUMN department_id ADD GENERATED BY DEFAULT AS IDENTITY (
    SEQUENCE NAME public.departments_department_id_seq
    START WITH 1
    INCREMENT BY 1
    NO MINVALUE
    NO MAXVALUE
    CACHE 1
);


--
-- TOC entry 224 (class 1259 OID 20742)
-- Name: diagnoses; Type: TABLE; Schema: public; Owner: postgres
--

CREATE TABLE public.diagnoses (
    diagnosis_id bigint NOT NULL,
    diagnosis_name character varying(255) NOT NULL,
    icd10_code character varying(255)
);


ALTER TABLE public.diagnoses OWNER TO postgres;

--
-- TOC entry 223 (class 1259 OID 20741)
-- Name: diagnoses_diagnosis_id_seq; Type: SEQUENCE; Schema: public; Owner: postgres
--

ALTER TABLE public.diagnoses ALTER COLUMN diagnosis_id ADD GENERATED BY DEFAULT AS IDENTITY (
    SEQUENCE NAME public.diagnoses_diagnosis_id_seq
    START WITH 1
    INCREMENT BY 1
    NO MINVALUE
    NO MAXVALUE
    CACHE 1
);


--
-- TOC entry 226 (class 1259 OID 20752)
-- Name: financing_sources; Type: TABLE; Schema: public; Owner: postgres
--

CREATE TABLE public.financing_sources (
    financing_source_id bigint NOT NULL,
    financing_source_name character varying(255) NOT NULL
);


ALTER TABLE public.financing_sources OWNER TO postgres;

--
-- TOC entry 225 (class 1259 OID 20751)
-- Name: financing_sources_financing_source_id_seq; Type: SEQUENCE; Schema: public; Owner: postgres
--

ALTER TABLE public.financing_sources ALTER COLUMN financing_source_id ADD GENERATED BY DEFAULT AS IDENTITY (
    SEQUENCE NAME public.financing_sources_financing_source_id_seq
    START WITH 1
    INCREMENT BY 1
    NO MINVALUE
    NO MAXVALUE
    CACHE 1
);


--
-- TOC entry 228 (class 1259 OID 20760)
-- Name: nationalities; Type: TABLE; Schema: public; Owner: postgres
--

CREATE TABLE public.nationalities (
    nationality_id bigint NOT NULL,
    nationality_name character varying(255) NOT NULL
);


ALTER TABLE public.nationalities OWNER TO postgres;

--
-- TOC entry 5185 (class 0 OID 0)
-- Dependencies: 228
-- Name: TABLE nationalities; Type: COMMENT; Schema: public; Owner: postgres
--

COMMENT ON TABLE public.nationalities IS 'Справочник национальностей';


--
-- TOC entry 227 (class 1259 OID 20759)
-- Name: nationalities_nationality_id_seq; Type: SEQUENCE; Schema: public; Owner: postgres
--

ALTER TABLE public.nationalities ALTER COLUMN nationality_id ADD GENERATED BY DEFAULT AS IDENTITY (
    SEQUENCE NAME public.nationalities_nationality_id_seq
    START WITH 1
    INCREMENT BY 1
    NO MINVALUE
    NO MAXVALUE
    CACHE 1
);


--
-- TOC entry 229 (class 1259 OID 20767)
-- Name: patient_comorbid_diagnoses; Type: TABLE; Schema: public; Owner: postgres
--

CREATE TABLE public.patient_comorbid_diagnoses (
    patient_id bigint NOT NULL,
    diagnosis_id bigint NOT NULL
);


ALTER TABLE public.patient_comorbid_diagnoses OWNER TO postgres;

--
-- TOC entry 231 (class 1259 OID 20773)
-- Name: patients; Type: TABLE; Schema: public; Owner: postgres
--

CREATE TABLE public.patients (
    patient_id bigint NOT NULL,
    birth_date date NOT NULL,
    created_at_patient timestamp(6) without time zone,
    gender character varying(20),
    informed_consent boolean,
    patient_barcode character varying(255) NOT NULL,
    main_diagnosis_id bigint,
    nationality_id bigint,
    CONSTRAINT patients_gender_check CHECK (((gender)::text = ANY ((ARRAY['UNKNOWN'::character varying, 'MALE'::character varying, 'FEMALE'::character varying])::text[])))
);


ALTER TABLE public.patients OWNER TO postgres;

--
-- TOC entry 5186 (class 0 OID 0)
-- Dependencies: 231
-- Name: TABLE patients; Type: COMMENT; Schema: public; Owner: postgres
--

COMMENT ON TABLE public.patients IS 'Пациенты (доноры биообразцов). gender: UNKNOWN, MALE, FEMALE';


--
-- TOC entry 230 (class 1259 OID 20772)
-- Name: patients_patient_id_seq; Type: SEQUENCE; Schema: public; Owner: postgres
--

ALTER TABLE public.patients ALTER COLUMN patient_id ADD GENERATED BY DEFAULT AS IDENTITY (
    SEQUENCE NAME public.patients_patient_id_seq
    START WITH 1
    INCREMENT BY 1
    NO MINVALUE
    NO MAXVALUE
    CACHE 1
);


--
-- TOC entry 233 (class 1259 OID 20783)
-- Name: permissions; Type: TABLE; Schema: public; Owner: postgres
--

CREATE TABLE public.permissions (
    permissions_id bigint NOT NULL,
    permission_label character varying(255),
    permission_name character varying(100) NOT NULL
);


ALTER TABLE public.permissions OWNER TO postgres;

--
-- TOC entry 232 (class 1259 OID 20782)
-- Name: permissions_permissions_id_seq; Type: SEQUENCE; Schema: public; Owner: postgres
--

ALTER TABLE public.permissions ALTER COLUMN permissions_id ADD GENERATED BY DEFAULT AS IDENTITY (
    SEQUENCE NAME public.permissions_permissions_id_seq
    START WITH 1
    INCREMENT BY 1
    NO MINVALUE
    NO MAXVALUE
    CACHE 1
);


--
-- TOC entry 235 (class 1259 OID 20791)
-- Name: research_groups; Type: TABLE; Schema: public; Owner: postgres
--

CREATE TABLE public.research_groups (
    research_group_id bigint NOT NULL,
    research_group_name character varying(255) NOT NULL
);


ALTER TABLE public.research_groups OWNER TO postgres;

--
-- TOC entry 234 (class 1259 OID 20790)
-- Name: research_groups_research_group_id_seq; Type: SEQUENCE; Schema: public; Owner: postgres
--

ALTER TABLE public.research_groups ALTER COLUMN research_group_id ADD GENERATED BY DEFAULT AS IDENTITY (
    SEQUENCE NAME public.research_groups_research_group_id_seq
    START WITH 1
    INCREMENT BY 1
    NO MINVALUE
    NO MAXVALUE
    CACHE 1
);


--
-- TOC entry 237 (class 1259 OID 20799)
-- Name: researches; Type: TABLE; Schema: public; Owner: postgres
--

CREATE TABLE public.researches (
    research_id bigint NOT NULL,
    is_active boolean,
    research_name character varying(255) NOT NULL,
    research_number character varying(255) NOT NULL,
    department_id bigint,
    financing_source_id bigint,
    research_group_id bigint
);


ALTER TABLE public.researches OWNER TO postgres;

--
-- TOC entry 236 (class 1259 OID 20798)
-- Name: researches_research_id_seq; Type: SEQUENCE; Schema: public; Owner: postgres
--

ALTER TABLE public.researches ALTER COLUMN research_id ADD GENERATED BY DEFAULT AS IDENTITY (
    SEQUENCE NAME public.researches_research_id_seq
    START WITH 1
    INCREMENT BY 1
    NO MINVALUE
    NO MAXVALUE
    CACHE 1
);


--
-- TOC entry 238 (class 1259 OID 20809)
-- Name: role_permissions; Type: TABLE; Schema: public; Owner: postgres
--

CREATE TABLE public.role_permissions (
    role_id bigint NOT NULL,
    permission_id bigint NOT NULL
);


ALTER TABLE public.role_permissions OWNER TO postgres;

--
-- TOC entry 240 (class 1259 OID 20817)
-- Name: roles; Type: TABLE; Schema: public; Owner: postgres
--

CREATE TABLE public.roles (
    role_id bigint NOT NULL,
    role_name character varying(100) NOT NULL
);


ALTER TABLE public.roles OWNER TO postgres;

--
-- TOC entry 239 (class 1259 OID 20816)
-- Name: roles_role_id_seq; Type: SEQUENCE; Schema: public; Owner: postgres
--

ALTER TABLE public.roles ALTER COLUMN role_id ADD GENERATED BY DEFAULT AS IDENTITY (
    SEQUENCE NAME public.roles_role_id_seq
    START WITH 1
    INCREMENT BY 1
    NO MINVALUE
    NO MAXVALUE
    CACHE 1
);


--
-- TOC entry 242 (class 1259 OID 20825)
-- Name: sample_statuses; Type: TABLE; Schema: public; Owner: postgres
--

CREATE TABLE public.sample_statuses (
    sample_status_id bigint NOT NULL,
    sample_status_name character varying(255) NOT NULL
);


ALTER TABLE public.sample_statuses OWNER TO postgres;

--
-- TOC entry 241 (class 1259 OID 20824)
-- Name: sample_statuses_sample_status_id_seq; Type: SEQUENCE; Schema: public; Owner: postgres
--

ALTER TABLE public.sample_statuses ALTER COLUMN sample_status_id ADD GENERATED BY DEFAULT AS IDENTITY (
    SEQUENCE NAME public.sample_statuses_sample_status_id_seq
    START WITH 1
    INCREMENT BY 1
    NO MINVALUE
    NO MAXVALUE
    CACHE 1
);


--
-- TOC entry 244 (class 1259 OID 20833)
-- Name: sample_transactions; Type: TABLE; Schema: public; Owner: postgres
--

CREATE TABLE public.sample_transactions (
    transaction_id bigint NOT NULL,
    notes character varying(255),
    purpose character varying(255),
    sample_barcode character varying(255),
    specimen_barcode character varying(255),
    transaction_date timestamp(6) without time zone NOT NULL,
    department_id bigint,
    sample_id bigint,
    specimen_id bigint,
    transaction_type_id bigint NOT NULL,
    user_id bigint NOT NULL
);


ALTER TABLE public.sample_transactions OWNER TO postgres;

--
-- TOC entry 243 (class 1259 OID 20832)
-- Name: sample_transactions_transaction_id_seq; Type: SEQUENCE; Schema: public; Owner: postgres
--

ALTER TABLE public.sample_transactions ALTER COLUMN transaction_id ADD GENERATED BY DEFAULT AS IDENTITY (
    SEQUENCE NAME public.sample_transactions_transaction_id_seq
    START WITH 1
    INCREMENT BY 1
    NO MINVALUE
    NO MAXVALUE
    CACHE 1
);


--
-- TOC entry 246 (class 1259 OID 20845)
-- Name: sample_types; Type: TABLE; Schema: public; Owner: postgres
--

CREATE TABLE public.sample_types (
    sample_type_id bigint NOT NULL,
    icon_path character varying(255),
    sample_type_name character varying(255) NOT NULL
);


ALTER TABLE public.sample_types OWNER TO postgres;

--
-- TOC entry 245 (class 1259 OID 20844)
-- Name: sample_types_sample_type_id_seq; Type: SEQUENCE; Schema: public; Owner: postgres
--

ALTER TABLE public.sample_types ALTER COLUMN sample_type_id ADD GENERATED BY DEFAULT AS IDENTITY (
    SEQUENCE NAME public.sample_types_sample_type_id_seq
    START WITH 1
    INCREMENT BY 1
    NO MINVALUE
    NO MAXVALUE
    CACHE 1
);


--
-- TOC entry 248 (class 1259 OID 20855)
-- Name: samples; Type: TABLE; Schema: public; Owner: postgres
--

CREATE TABLE public.samples (
    sample_id bigint NOT NULL,
    actual_storage_months integer,
    barcode character varying(255) NOT NULL,
    created_at_sample timestamp(6) without time zone,
    current_quantity integer NOT NULL,
    expiry_status character varying(20),
    initial_quantity integer NOT NULL,
    recommended_storage_months integer,
    container_id bigint,
    sample_type_id bigint,
    visit_id bigint NOT NULL,
    CONSTRAINT samples_expiry_status_check CHECK (((expiry_status)::text = ANY ((ARRAY['GREEN'::character varying, 'YELLOW'::character varying, 'RED'::character varying])::text[])))
);


ALTER TABLE public.samples OWNER TO postgres;

--
-- TOC entry 5187 (class 0 OID 0)
-- Dependencies: 248
-- Name: COLUMN samples.expiry_status; Type: COMMENT; Schema: public; Owner: postgres
--

COMMENT ON COLUMN public.samples.expiry_status IS 'GREEN, YELLOW, RED';


--
-- TOC entry 247 (class 1259 OID 20854)
-- Name: samples_sample_id_seq; Type: SEQUENCE; Schema: public; Owner: postgres
--

ALTER TABLE public.samples ALTER COLUMN sample_id ADD GENERATED BY DEFAULT AS IDENTITY (
    SEQUENCE NAME public.samples_sample_id_seq
    START WITH 1
    INCREMENT BY 1
    NO MINVALUE
    NO MAXVALUE
    CACHE 1
);


--
-- TOC entry 250 (class 1259 OID 20867)
-- Name: specimens; Type: TABLE; Schema: public; Owner: postgres
--

CREATE TABLE public.specimens (
    specimen_id bigint NOT NULL,
    barcode character varying(255) NOT NULL,
    position_in_container character varying(255),
    container_id bigint,
    sample_id bigint NOT NULL,
    sample_status_id bigint
);


ALTER TABLE public.specimens OWNER TO postgres;

--
-- TOC entry 249 (class 1259 OID 20866)
-- Name: specimens_specimen_id_seq; Type: SEQUENCE; Schema: public; Owner: postgres
--

ALTER TABLE public.specimens ALTER COLUMN specimen_id ADD GENERATED BY DEFAULT AS IDENTITY (
    SEQUENCE NAME public.specimens_specimen_id_seq
    START WITH 1
    INCREMENT BY 1
    NO MINVALUE
    NO MAXVALUE
    CACHE 1
);


--
-- TOC entry 252 (class 1259 OID 20878)
-- Name: storage_containers; Type: TABLE; Schema: public; Owner: postgres
--

CREATE TABLE public.storage_containers (
    container_id bigint NOT NULL,
    container_number character varying(255),
    current_samples_count integer NOT NULL,
    shelf_number integer,
    shelf_position integer,
    template_id bigint NOT NULL,
    unit_id bigint NOT NULL
);


ALTER TABLE public.storage_containers OWNER TO postgres;

--
-- TOC entry 251 (class 1259 OID 20877)
-- Name: storage_containers_container_id_seq; Type: SEQUENCE; Schema: public; Owner: postgres
--

ALTER TABLE public.storage_containers ALTER COLUMN container_id ADD GENERATED BY DEFAULT AS IDENTITY (
    SEQUENCE NAME public.storage_containers_container_id_seq
    START WITH 1
    INCREMENT BY 1
    NO MINVALUE
    NO MAXVALUE
    CACHE 1
);


--
-- TOC entry 254 (class 1259 OID 20888)
-- Name: storage_locations; Type: TABLE; Schema: public; Owner: postgres
--

CREATE TABLE public.storage_locations (
    location_id bigint NOT NULL,
    address character varying(255) NOT NULL,
    description character varying(255),
    location_name character varying(255) NOT NULL,
    room_number character varying(255) NOT NULL
);


ALTER TABLE public.storage_locations OWNER TO postgres;

--
-- TOC entry 253 (class 1259 OID 20887)
-- Name: storage_locations_location_id_seq; Type: SEQUENCE; Schema: public; Owner: postgres
--

ALTER TABLE public.storage_locations ALTER COLUMN location_id ADD GENERATED BY DEFAULT AS IDENTITY (
    SEQUENCE NAME public.storage_locations_location_id_seq
    START WITH 1
    INCREMENT BY 1
    NO MINVALUE
    NO MAXVALUE
    CACHE 1
);


--
-- TOC entry 256 (class 1259 OID 20900)
-- Name: storage_units; Type: TABLE; Schema: public; Owner: postgres
--

CREATE TABLE public.storage_units (
    unit_id bigint NOT NULL,
    shelves_count integer,
    unit_name character varying(255) NOT NULL,
    location_id bigint NOT NULL,
    unit_type_id bigint NOT NULL
);


ALTER TABLE public.storage_units OWNER TO postgres;

--
-- TOC entry 255 (class 1259 OID 20899)
-- Name: storage_units_unit_id_seq; Type: SEQUENCE; Schema: public; Owner: postgres
--

ALTER TABLE public.storage_units ALTER COLUMN unit_id ADD GENERATED BY DEFAULT AS IDENTITY (
    SEQUENCE NAME public.storage_units_unit_id_seq
    START WITH 1
    INCREMENT BY 1
    NO MINVALUE
    NO MAXVALUE
    CACHE 1
);


--
-- TOC entry 258 (class 1259 OID 20910)
-- Name: transaction_types; Type: TABLE; Schema: public; Owner: postgres
--

CREATE TABLE public.transaction_types (
    transaction_type_id bigint NOT NULL,
    transaction_type_name character varying(255) NOT NULL
);


ALTER TABLE public.transaction_types OWNER TO postgres;

--
-- TOC entry 257 (class 1259 OID 20909)
-- Name: transaction_types_transaction_type_id_seq; Type: SEQUENCE; Schema: public; Owner: postgres
--

ALTER TABLE public.transaction_types ALTER COLUMN transaction_type_id ADD GENERATED BY DEFAULT AS IDENTITY (
    SEQUENCE NAME public.transaction_types_transaction_type_id_seq
    START WITH 1
    INCREMENT BY 1
    NO MINVALUE
    NO MAXVALUE
    CACHE 1
);


--
-- TOC entry 260 (class 1259 OID 20918)
-- Name: unit_types; Type: TABLE; Schema: public; Owner: postgres
--

CREATE TABLE public.unit_types (
    unit_type_id bigint NOT NULL,
    unit_type_name character varying(255) NOT NULL
);


ALTER TABLE public.unit_types OWNER TO postgres;

--
-- TOC entry 259 (class 1259 OID 20917)
-- Name: unit_types_unit_type_id_seq; Type: SEQUENCE; Schema: public; Owner: postgres
--

ALTER TABLE public.unit_types ALTER COLUMN unit_type_id ADD GENERATED BY DEFAULT AS IDENTITY (
    SEQUENCE NAME public.unit_types_unit_type_id_seq
    START WITH 1
    INCREMENT BY 1
    NO MINVALUE
    NO MAXVALUE
    CACHE 1
);


--
-- TOC entry 262 (class 1259 OID 20926)
-- Name: user_permission_overrides; Type: TABLE; Schema: public; Owner: postgres
--

CREATE TABLE public.user_permission_overrides (
    user_permission_override_id bigint NOT NULL,
    is_allowed boolean NOT NULL,
    permission_id bigint NOT NULL,
    user_id bigint NOT NULL
);


ALTER TABLE public.user_permission_overrides OWNER TO postgres;

--
-- TOC entry 261 (class 1259 OID 20925)
-- Name: user_permission_overrides_user_permission_override_id_seq; Type: SEQUENCE; Schema: public; Owner: postgres
--

ALTER TABLE public.user_permission_overrides ALTER COLUMN user_permission_override_id ADD GENERATED BY DEFAULT AS IDENTITY (
    SEQUENCE NAME public.user_permission_overrides_user_permission_override_id_seq
    START WITH 1
    INCREMENT BY 1
    NO MINVALUE
    NO MAXVALUE
    CACHE 1
);


--
-- TOC entry 263 (class 1259 OID 20935)
-- Name: user_roles; Type: TABLE; Schema: public; Owner: postgres
--

CREATE TABLE public.user_roles (
    user_id bigint NOT NULL,
    role_id bigint NOT NULL
);


ALTER TABLE public.user_roles OWNER TO postgres;

--
-- TOC entry 265 (class 1259 OID 20943)
-- Name: users; Type: TABLE; Schema: public; Owner: postgres
--

CREATE TABLE public.users (
    user_id bigint NOT NULL,
    full_name character varying(255) NOT NULL,
    is_active boolean NOT NULL,
    password character varying(255) NOT NULL,
    username character varying(100) NOT NULL
);


ALTER TABLE public.users OWNER TO postgres;

--
-- TOC entry 264 (class 1259 OID 20942)
-- Name: users_user_id_seq; Type: SEQUENCE; Schema: public; Owner: postgres
--

ALTER TABLE public.users ALTER COLUMN user_id ADD GENERATED BY DEFAULT AS IDENTITY (
    SEQUENCE NAME public.users_user_id_seq
    START WITH 1
    INCREMENT BY 1
    NO MINVALUE
    NO MAXVALUE
    CACHE 1
);


--
-- TOC entry 267 (class 1259 OID 20956)
-- Name: visits; Type: TABLE; Schema: public; Owner: postgres
--

CREATE TABLE public.visits (
    visit_id bigint NOT NULL,
    age_at_collection integer NOT NULL,
    collection_date timestamp(6) without time zone NOT NULL,
    visit_number integer NOT NULL,
    patient_id bigint NOT NULL,
    research_id bigint NOT NULL
);


ALTER TABLE public.visits OWNER TO postgres;

--
-- TOC entry 5188 (class 0 OID 0)
-- Dependencies: 267
-- Name: TABLE visits; Type: COMMENT; Schema: public; Owner: postgres
--

COMMENT ON TABLE public.visits IS 'Визиты пациентов для забора биоматериала';


--
-- TOC entry 266 (class 1259 OID 20955)
-- Name: visits_visit_id_seq; Type: SEQUENCE; Schema: public; Owner: postgres
--

ALTER TABLE public.visits ALTER COLUMN visit_id ADD GENERATED BY DEFAULT AS IDENTITY (
    SEQUENCE NAME public.visits_visit_id_seq
    START WITH 1
    INCREMENT BY 1
    NO MINVALUE
    NO MAXVALUE
    CACHE 1
);


--
-- TOC entry 5131 (class 0 OID 20722)
-- Dependencies: 220
-- Data for Name: container_type_templates; Type: TABLE DATA; Schema: public; Owner: postgres
--

COPY public.container_type_templates (template_id, columns_count, max_samples_count, numbering_type, rows_count, template_name) FROM stdin;
1	10	100	LETTER_DIGIT	10	Криобокс для низких температур
2	9	81	LETTER_DIGIT	9	Криобокс для низких температур
3	5	50	SEQUENTIAL	10	Штатив для микропробирок 1.5-2 мл
4	12	96	SEQUENTIAL	8	Штатив для микропробирок 1.5-2 мл
5	5	25	SEQUENTIAL	5	Штатив/кассета для пробирок 5-15 мл
6	5	40	SEQUENTIAL	8	Транспортная стойка для анализаторов
7	10	10	LETTER_DIGIT	1	вапроь
\.


--
-- TOC entry 5133 (class 0 OID 20734)
-- Dependencies: 222
-- Data for Name: departments; Type: TABLE DATA; Schema: public; Owner: postgres
--

COPY public.departments (department_id, department_name) FROM stdin;
1	Лаборатория молекулярной генетики
\.


--
-- TOC entry 5135 (class 0 OID 20742)
-- Dependencies: 224
-- Data for Name: diagnoses; Type: TABLE DATA; Schema: public; Owner: postgres
--

COPY public.diagnoses (diagnosis_id, diagnosis_name, icd10_code) FROM stdin;
2	Сальпингит и оофорит	N70
3	Воспалительная болезнь шейки матки	N72
4	Эндометриоз	N80
5	Женское бесплодие	N97
6	Осложнения, связанные с искусственным оплодотворением	N98
7	Доброкачественная гиперплазия предстательной железы	N40
8	Воспалительные болезни предстательной железы	N41
9	Мужское бесплодие	N46
10	Орхит и эпидидимит	N45
\.


--
-- TOC entry 5137 (class 0 OID 20752)
-- Dependencies: 226
-- Data for Name: financing_sources; Type: TABLE DATA; Schema: public; Owner: postgres
--

COPY public.financing_sources (financing_source_id, financing_source_name) FROM stdin;
1	Грант Российского научного фонда (РНФ) № 24-15-20045
2	Работа выполнена в рамках государственного задания Министерства здравоохранения РФ
\.


--
-- TOC entry 5139 (class 0 OID 20760)
-- Dependencies: 228
-- Data for Name: nationalities; Type: TABLE DATA; Schema: public; Owner: postgres
--

COPY public.nationalities (nationality_id, nationality_name) FROM stdin;
1	Армянин
2	Азербайджанец
3	Белорус
4	Бурят
5	Немец
6	Русский
7	Украинец
8	Не указано
\.


--
-- TOC entry 5140 (class 0 OID 20767)
-- Dependencies: 229
-- Data for Name: patient_comorbid_diagnoses; Type: TABLE DATA; Schema: public; Owner: postgres
--

COPY public.patient_comorbid_diagnoses (patient_id, diagnosis_id) FROM stdin;
5	7
6	10
3	2
3	3
7	3
8	5
8	4
\.


--
-- TOC entry 5142 (class 0 OID 20773)
-- Dependencies: 231
-- Data for Name: patients; Type: TABLE DATA; Schema: public; Owner: postgres
--

COPY public.patients (patient_id, birth_date, created_at_patient, gender, informed_consent, patient_barcode, main_diagnosis_id, nationality_id) FROM stdin;
3	1987-03-26	2026-01-12 08:00:00	FEMALE	t	7559968837444	6	6
4	1976-12-04	2026-01-14 08:00:00	MALE	t	1888374626354	7	3
5	2001-01-25	2026-02-02 08:00:00	MALE	t	7301092937465	8	6
6	1995-11-16	2026-02-19 08:00:00	MALE	t	1116374485769	9	1
7	2000-05-19	2026-02-16 08:00:00	FEMALE	t	6475889475634	5	2
8	1987-07-23	2026-02-19 08:00:00	FEMALE	t	1647756354663	2	6
\.


--
-- TOC entry 5144 (class 0 OID 20783)
-- Dependencies: 233
-- Data for Name: permissions; Type: TABLE DATA; Schema: public; Owner: postgres
--

COPY public.permissions (permissions_id, permission_label, permission_name) FROM stdin;
1	\N	storage.update
2	\N	sample.view
3	\N	user.manage
4	\N	research.create
5	\N	research.delete
6	\N	visit.update
7	\N	role.permissions.manage
8	\N	role.view
9	\N	visit.create
10	\N	visit.delete
11	\N	patient.create
12	\N	patient.delete
13	\N	user.permissions.manage
14	\N	patient.view
15	\N	role.create
16	\N	role.delete
17	\N	reference.create
18	\N	sample.create
19	\N	visit.view
20	\N	sample.delete
21	\N	reference.delete
22	\N	research.update
23	\N	user.roles.assign
24	\N	storage.view
25	\N	patient.update
26	\N	storage.create
27	\N	storage.delete
28	\N	role.manage
29	\N	user.view
30	\N	reference.manage
31	\N	reference.view
32	\N	user.create
33	\N	user.delete
34	\N	sample.update
35	\N	reference.update
36	\N	research.view
\.


--
-- TOC entry 5146 (class 0 OID 20791)
-- Dependencies: 235
-- Data for Name: research_groups; Type: TABLE DATA; Schema: public; Owner: postgres
--

COPY public.research_groups (research_group_id, research_group_name) FROM stdin;
1	Дети, рождённые на сроке гестации менее 30 недель
2	Женщины, обратившиеся в женскую консультацию по поводу бесплодия
3	Женщины с заболеваниями репродуктивной сферы и осложнениями беременности
\.


--
-- TOC entry 5148 (class 0 OID 20799)
-- Dependencies: 237
-- Data for Name: researches; Type: TABLE DATA; Schema: public; Owner: postgres
--

COPY public.researches (research_id, is_active, research_name, research_number, department_id, financing_source_id, research_group_id) FROM stdin;
2	t	Результативность применения вспомогательных репродуктивных технологий, проведенных в рамках программы обязательного медицинского страхования	РНФ-2026-836264	1	2	2
3	t	Исследование генетических факторов репродуктивного здоровья женщин и персонализированная профилактика болезней	НИР-2026-001	1	1	3
\.


--
-- TOC entry 5149 (class 0 OID 20809)
-- Dependencies: 238
-- Data for Name: role_permissions; Type: TABLE DATA; Schema: public; Owner: postgres
--

COPY public.role_permissions (role_id, permission_id) FROM stdin;
1	31
1	19
1	14
1	24
1	36
1	2
2	28
2	22
2	20
2	6
2	26
2	27
2	17
2	16
2	24
2	25
2	31
2	3
2	33
2	13
2	11
2	21
2	10
2	34
2	36
2	2
2	4
2	29
2	14
2	35
2	5
2	7
2	8
2	18
2	1
2	15
2	30
2	19
2	32
2	23
2	9
2	12
3	6
3	26
3	14
3	24
3	25
3	18
3	31
3	1
3	19
3	11
3	34
3	9
3	36
3	2
\.


--
-- TOC entry 5151 (class 0 OID 20817)
-- Dependencies: 240
-- Data for Name: roles; Type: TABLE DATA; Schema: public; Owner: postgres
--

COPY public.roles (role_id, role_name) FROM stdin;
1	Пользователь
2	Администратор
3	Лаборант
\.


--
-- TOC entry 5153 (class 0 OID 20825)
-- Dependencies: 242
-- Data for Name: sample_statuses; Type: TABLE DATA; Schema: public; Owner: postgres
--

COPY public.sample_statuses (sample_status_id, sample_status_name) FROM stdin;
1	В хранилище
2	Изъят
3	Исчерпан
\.


--
-- TOC entry 5155 (class 0 OID 20833)
-- Dependencies: 244
-- Data for Name: sample_transactions; Type: TABLE DATA; Schema: public; Owner: postgres
--

COPY public.sample_transactions (transaction_id, notes, purpose, sample_barcode, specimen_barcode, transaction_date, department_id, sample_id, specimen_id, transaction_type_id, user_id) FROM stdin;
1	\N	\N	2345679875	2345679875-1	2026-04-09 08:00:00	\N	\N	\N	1	1
2	\N	\N	2345679875	2345679875-2	2026-04-09 08:00:00	\N	\N	\N	1	1
3	\N	\N	2345679875	2345679875-3	2026-04-09 08:00:00	\N	\N	\N	1	1
4	\N	\N	2345679875	\N	2026-04-13 15:08:31.476144	\N	\N	\N	2	1
5	\N	\N	1553647568364	1553647568364-1	2026-03-20 08:00:00	\N	2	4	1	1
6	\N	\N	1553647568364	1553647568364-2	2026-03-20 08:00:00	\N	2	5	1	1
7	\N	\N	1553647568364	1553647568364-3	2026-03-20 08:00:00	\N	2	6	1	1
8	\N	\N	1888837445673	1888837445673-1	2026-03-20 08:00:00	\N	3	7	1	1
9	\N	\N	1888837445673	1888837445673-2	2026-03-20 08:00:00	\N	3	8	1	1
10	\N	\N	9003746584532	9003746584532-1	2026-03-24 08:00:00	\N	4	9	1	1
11	\N	\N	1773645667356	1773645667356-1	2026-03-28 08:00:00	\N	5	10	1	1
12	\N	\N	1773645667356	1773645667356-2	2026-03-28 08:00:00	\N	5	11	1	1
13	\N	\N	1773645667356	1773645667356-3	2026-03-28 08:00:00	\N	5	12	1	1
14	\N	\N	5044475663745	5044475663745-1	2026-03-24 08:00:00	\N	6	13	1	1
15	\N	\N	1117364567586	1117364567586-1	2026-03-28 08:00:00	\N	7	14	1	1
16	\N	\N	1117364567586	1117364567586-2	2026-03-28 08:00:00	\N	7	15	1	1
17	\N	Надо	1888837445673	1888837445673-1	2026-04-13 08:00:00	1	3	7	2	1
18	\N	\N	1117364567586	1117364567586-1	2026-04-13 08:00:00	1	7	14	2	1
19	\N	\N	1117364567586	1117364567586-1	2026-04-13 08:00:00	\N	7	14	3	1
20	\N	\N	1117364567586	1117364567586-1	2026-04-13 08:00:00	\N	7	14	4	1
\.


--
-- TOC entry 5157 (class 0 OID 20845)
-- Dependencies: 246
-- Data for Name: sample_types; Type: TABLE DATA; Schema: public; Owner: postgres
--

COPY public.sample_types (sample_type_id, icon_path, sample_type_name) FROM stdin;
1	blood.svg	Кровь
2	plasma.svg	Плазма
3	serum.svg	Сыворотка
4	urine.svg	Моча
5	stool.svg	Кал
6	biopsy.svg	Биопсия
7	leukocytes.svg	Лейкоциты
8	hemolysates.svg	Гемолизаты
9	dna.svg	ДНК
10	rna.svg	РНК
11	gingival-fluid.svg	Десневая жидкость
12	saliva.svg	Слюна
13	paraffin-blocks.svg	Парафиновые блоки
14	histology-slides.svg	Гистологические стёкла
15	hair.svg	Волосы
\.


--
-- TOC entry 5159 (class 0 OID 20855)
-- Dependencies: 248
-- Data for Name: samples; Type: TABLE DATA; Schema: public; Owner: postgres
--

COPY public.samples (sample_id, actual_storage_months, barcode, created_at_sample, current_quantity, expiry_status, initial_quantity, recommended_storage_months, container_id, sample_type_id, visit_id) FROM stdin;
2	0	1553647568364	2026-03-20 08:00:00	3	YELLOW	3	2	1	6	4
3	0	1888837445673	2026-03-20 08:00:00	2	YELLOW	2	2	3	1	5
4	0	9003746584532	2026-03-24 08:00:00	1	GREEN	1	12	3	9	6
5	0	1773645667356	2026-03-28 08:00:00	3	GREEN	3	12	1	10	7
6	0	5044475663745	2026-03-24 08:00:00	1	GREEN	1	6	3	7	6
7	0	1117364567586	2026-03-28 08:00:00	2	YELLOW	2	1	1	4	7
\.


--
-- TOC entry 5161 (class 0 OID 20867)
-- Dependencies: 250
-- Data for Name: specimens; Type: TABLE DATA; Schema: public; Owner: postgres
--

COPY public.specimens (specimen_id, barcode, position_in_container, container_id, sample_id, sample_status_id) FROM stdin;
4	1553647568364-1	A1	1	2	1
5	1553647568364-2	B1	1	2	1
6	1553647568364-3	C1	1	2	1
8	1888837445673-2	2	3	3	1
9	9003746584532-1	9	3	4	1
10	1773645667356-1	A2	1	5	1
11	1773645667356-2	B2	1	5	1
12	1773645667356-3	C2	1	5	1
13	5044475663745-1	5	3	6	1
15	1117364567586-2	G1	1	7	1
7	1888837445673-1	1	3	3	2
14	1117364567586-1	\N	\N	7	3
\.


--
-- TOC entry 5163 (class 0 OID 20878)
-- Dependencies: 252
-- Data for Name: storage_containers; Type: TABLE DATA; Schema: public; Owner: postgres
--

COPY public.storage_containers (container_id, container_number, current_samples_count, shelf_number, shelf_position, template_id, unit_id) FROM stdin;
3	2	4	1	2	5	1
1	1	8	1	1	2	1
\.


--
-- TOC entry 5165 (class 0 OID 20888)
-- Dependencies: 254
-- Data for Name: storage_locations; Type: TABLE DATA; Schema: public; Owner: postgres
--

COPY public.storage_locations (location_id, address, description, location_name, room_number) FROM stdin;
1	г. Иркутск, ул. Тимирязева, 16	дополнительная информация	Локация 2	306
\.


--
-- TOC entry 5167 (class 0 OID 20900)
-- Dependencies: 256
-- Data for Name: storage_units; Type: TABLE DATA; Schema: public; Owner: postgres
--

COPY public.storage_units (unit_id, shelves_count, unit_name, location_id, unit_type_id) FROM stdin;
1	3	Хранилище №1	1	1
2	5	Шкаф №2	1	2
\.


--
-- TOC entry 5169 (class 0 OID 20910)
-- Dependencies: 258
-- Data for Name: transaction_types; Type: TABLE DATA; Schema: public; Owner: postgres
--

COPY public.transaction_types (transaction_type_id, transaction_type_name) FROM stdin;
1	Создан
2	Изъвлечён из хранилища
3	Возвращён в хранилище
4	Исчерпан
\.


--
-- TOC entry 5171 (class 0 OID 20918)
-- Dependencies: 260
-- Data for Name: unit_types; Type: TABLE DATA; Schema: public; Owner: postgres
--

COPY public.unit_types (unit_type_id, unit_type_name) FROM stdin;
1	Холодильник
2	Шкаф
\.


--
-- TOC entry 5173 (class 0 OID 20926)
-- Dependencies: 262
-- Data for Name: user_permission_overrides; Type: TABLE DATA; Schema: public; Owner: postgres
--

COPY public.user_permission_overrides (user_permission_override_id, is_allowed, permission_id, user_id) FROM stdin;
1	t	22	2
2	t	4	2
\.


--
-- TOC entry 5174 (class 0 OID 20935)
-- Dependencies: 263
-- Data for Name: user_roles; Type: TABLE DATA; Schema: public; Owner: postgres
--

COPY public.user_roles (user_id, role_id) FROM stdin;
1	2
2	3
\.


--
-- TOC entry 5176 (class 0 OID 20943)
-- Dependencies: 265
-- Data for Name: users; Type: TABLE DATA; Schema: public; Owner: postgres
--

COPY public.users (user_id, full_name, is_active, password, username) FROM stdin;
1	Администратор системы	t	$2a$10$/SK41.0s8kVkioy3/RyJjO4QVipdyrBoL26jb9swS2qYw7MKprRIu	admin
2	Новый пользователь	t	$2a$10$3Z0vb6DNRAqYPWKG6mfvFO0TG7W8c8qpa/Zd6fqQBhYNOKyZuMyxy	user
\.


--
-- TOC entry 5178 (class 0 OID 20956)
-- Dependencies: 267
-- Data for Name: visits; Type: TABLE DATA; Schema: public; Owner: postgres
--

COPY public.visits (visit_id, age_at_collection, collection_date, visit_number, patient_id, research_id) FROM stdin;
5	38	2026-03-20 08:00:00	1	8	2
6	25	2026-03-24 08:00:00	2	7	2
4	25	2026-03-20 08:00:00	1	7	2
7	39	2026-03-28 08:00:00	1	3	3
\.


--
-- TOC entry 5189 (class 0 OID 0)
-- Dependencies: 219
-- Name: container_type_templates_template_id_seq; Type: SEQUENCE SET; Schema: public; Owner: postgres
--

SELECT pg_catalog.setval('public.container_type_templates_template_id_seq', 7, true);


--
-- TOC entry 5190 (class 0 OID 0)
-- Dependencies: 221
-- Name: departments_department_id_seq; Type: SEQUENCE SET; Schema: public; Owner: postgres
--

SELECT pg_catalog.setval('public.departments_department_id_seq', 1, true);


--
-- TOC entry 5191 (class 0 OID 0)
-- Dependencies: 223
-- Name: diagnoses_diagnosis_id_seq; Type: SEQUENCE SET; Schema: public; Owner: postgres
--

SELECT pg_catalog.setval('public.diagnoses_diagnosis_id_seq', 10, true);


--
-- TOC entry 5192 (class 0 OID 0)
-- Dependencies: 225
-- Name: financing_sources_financing_source_id_seq; Type: SEQUENCE SET; Schema: public; Owner: postgres
--

SELECT pg_catalog.setval('public.financing_sources_financing_source_id_seq', 2, true);


--
-- TOC entry 5193 (class 0 OID 0)
-- Dependencies: 227
-- Name: nationalities_nationality_id_seq; Type: SEQUENCE SET; Schema: public; Owner: postgres
--

SELECT pg_catalog.setval('public.nationalities_nationality_id_seq', 16, true);


--
-- TOC entry 5194 (class 0 OID 0)
-- Dependencies: 230
-- Name: patients_patient_id_seq; Type: SEQUENCE SET; Schema: public; Owner: postgres
--

SELECT pg_catalog.setval('public.patients_patient_id_seq', 8, true);


--
-- TOC entry 5195 (class 0 OID 0)
-- Dependencies: 232
-- Name: permissions_permissions_id_seq; Type: SEQUENCE SET; Schema: public; Owner: postgres
--

SELECT pg_catalog.setval('public.permissions_permissions_id_seq', 36, true);


--
-- TOC entry 5196 (class 0 OID 0)
-- Dependencies: 234
-- Name: research_groups_research_group_id_seq; Type: SEQUENCE SET; Schema: public; Owner: postgres
--

SELECT pg_catalog.setval('public.research_groups_research_group_id_seq', 3, true);


--
-- TOC entry 5197 (class 0 OID 0)
-- Dependencies: 236
-- Name: researches_research_id_seq; Type: SEQUENCE SET; Schema: public; Owner: postgres
--

SELECT pg_catalog.setval('public.researches_research_id_seq', 3, true);


--
-- TOC entry 5198 (class 0 OID 0)
-- Dependencies: 239
-- Name: roles_role_id_seq; Type: SEQUENCE SET; Schema: public; Owner: postgres
--

SELECT pg_catalog.setval('public.roles_role_id_seq', 3, true);


--
-- TOC entry 5199 (class 0 OID 0)
-- Dependencies: 241
-- Name: sample_statuses_sample_status_id_seq; Type: SEQUENCE SET; Schema: public; Owner: postgres
--

SELECT pg_catalog.setval('public.sample_statuses_sample_status_id_seq', 6, true);


--
-- TOC entry 5200 (class 0 OID 0)
-- Dependencies: 243
-- Name: sample_transactions_transaction_id_seq; Type: SEQUENCE SET; Schema: public; Owner: postgres
--

SELECT pg_catalog.setval('public.sample_transactions_transaction_id_seq', 20, true);


--
-- TOC entry 5201 (class 0 OID 0)
-- Dependencies: 245
-- Name: sample_types_sample_type_id_seq; Type: SEQUENCE SET; Schema: public; Owner: postgres
--

SELECT pg_catalog.setval('public.sample_types_sample_type_id_seq', 30, true);


--
-- TOC entry 5202 (class 0 OID 0)
-- Dependencies: 247
-- Name: samples_sample_id_seq; Type: SEQUENCE SET; Schema: public; Owner: postgres
--

SELECT pg_catalog.setval('public.samples_sample_id_seq', 7, true);


--
-- TOC entry 5203 (class 0 OID 0)
-- Dependencies: 249
-- Name: specimens_specimen_id_seq; Type: SEQUENCE SET; Schema: public; Owner: postgres
--

SELECT pg_catalog.setval('public.specimens_specimen_id_seq', 15, true);


--
-- TOC entry 5204 (class 0 OID 0)
-- Dependencies: 251
-- Name: storage_containers_container_id_seq; Type: SEQUENCE SET; Schema: public; Owner: postgres
--

SELECT pg_catalog.setval('public.storage_containers_container_id_seq', 3, true);


--
-- TOC entry 5205 (class 0 OID 0)
-- Dependencies: 253
-- Name: storage_locations_location_id_seq; Type: SEQUENCE SET; Schema: public; Owner: postgres
--

SELECT pg_catalog.setval('public.storage_locations_location_id_seq', 1, true);


--
-- TOC entry 5206 (class 0 OID 0)
-- Dependencies: 255
-- Name: storage_units_unit_id_seq; Type: SEQUENCE SET; Schema: public; Owner: postgres
--

SELECT pg_catalog.setval('public.storage_units_unit_id_seq', 2, true);


--
-- TOC entry 5207 (class 0 OID 0)
-- Dependencies: 257
-- Name: transaction_types_transaction_type_id_seq; Type: SEQUENCE SET; Schema: public; Owner: postgres
--

SELECT pg_catalog.setval('public.transaction_types_transaction_type_id_seq', 4, true);


--
-- TOC entry 5208 (class 0 OID 0)
-- Dependencies: 259
-- Name: unit_types_unit_type_id_seq; Type: SEQUENCE SET; Schema: public; Owner: postgres
--

SELECT pg_catalog.setval('public.unit_types_unit_type_id_seq', 4, true);


--
-- TOC entry 5209 (class 0 OID 0)
-- Dependencies: 261
-- Name: user_permission_overrides_user_permission_override_id_seq; Type: SEQUENCE SET; Schema: public; Owner: postgres
--

SELECT pg_catalog.setval('public.user_permission_overrides_user_permission_override_id_seq', 2, true);


--
-- TOC entry 5210 (class 0 OID 0)
-- Dependencies: 264
-- Name: users_user_id_seq; Type: SEQUENCE SET; Schema: public; Owner: postgres
--

SELECT pg_catalog.setval('public.users_user_id_seq', 2, true);


--
-- TOC entry 5211 (class 0 OID 0)
-- Dependencies: 266
-- Name: visits_visit_id_seq; Type: SEQUENCE SET; Schema: public; Owner: postgres
--

SELECT pg_catalog.setval('public.visits_visit_id_seq', 7, true);


--
-- TOC entry 4880 (class 2606 OID 20732)
-- Name: container_type_templates container_type_templates_pkey; Type: CONSTRAINT; Schema: public; Owner: postgres
--

ALTER TABLE ONLY public.container_type_templates
    ADD CONSTRAINT container_type_templates_pkey PRIMARY KEY (template_id);


--
-- TOC entry 4882 (class 2606 OID 20740)
-- Name: departments departments_pkey; Type: CONSTRAINT; Schema: public; Owner: postgres
--

ALTER TABLE ONLY public.departments
    ADD CONSTRAINT departments_pkey PRIMARY KEY (department_id);


--
-- TOC entry 4884 (class 2606 OID 20750)
-- Name: diagnoses diagnoses_pkey; Type: CONSTRAINT; Schema: public; Owner: postgres
--

ALTER TABLE ONLY public.diagnoses
    ADD CONSTRAINT diagnoses_pkey PRIMARY KEY (diagnosis_id);


--
-- TOC entry 4886 (class 2606 OID 20758)
-- Name: financing_sources financing_sources_pkey; Type: CONSTRAINT; Schema: public; Owner: postgres
--

ALTER TABLE ONLY public.financing_sources
    ADD CONSTRAINT financing_sources_pkey PRIMARY KEY (financing_source_id);


--
-- TOC entry 4888 (class 2606 OID 20766)
-- Name: nationalities nationalities_pkey; Type: CONSTRAINT; Schema: public; Owner: postgres
--

ALTER TABLE ONLY public.nationalities
    ADD CONSTRAINT nationalities_pkey PRIMARY KEY (nationality_id);


--
-- TOC entry 4892 (class 2606 OID 20781)
-- Name: patients patients_pkey; Type: CONSTRAINT; Schema: public; Owner: postgres
--

ALTER TABLE ONLY public.patients
    ADD CONSTRAINT patients_pkey PRIMARY KEY (patient_id);


--
-- TOC entry 4896 (class 2606 OID 20789)
-- Name: permissions permissions_pkey; Type: CONSTRAINT; Schema: public; Owner: postgres
--

ALTER TABLE ONLY public.permissions
    ADD CONSTRAINT permissions_pkey PRIMARY KEY (permissions_id);


--
-- TOC entry 4900 (class 2606 OID 20797)
-- Name: research_groups research_groups_pkey; Type: CONSTRAINT; Schema: public; Owner: postgres
--

ALTER TABLE ONLY public.research_groups
    ADD CONSTRAINT research_groups_pkey PRIMARY KEY (research_group_id);


--
-- TOC entry 4902 (class 2606 OID 20808)
-- Name: researches researches_pkey; Type: CONSTRAINT; Schema: public; Owner: postgres
--

ALTER TABLE ONLY public.researches
    ADD CONSTRAINT researches_pkey PRIMARY KEY (research_id);


--
-- TOC entry 4904 (class 2606 OID 20815)
-- Name: role_permissions role_permissions_pkey; Type: CONSTRAINT; Schema: public; Owner: postgres
--

ALTER TABLE ONLY public.role_permissions
    ADD CONSTRAINT role_permissions_pkey PRIMARY KEY (role_id, permission_id);


--
-- TOC entry 4906 (class 2606 OID 20823)
-- Name: roles roles_pkey; Type: CONSTRAINT; Schema: public; Owner: postgres
--

ALTER TABLE ONLY public.roles
    ADD CONSTRAINT roles_pkey PRIMARY KEY (role_id);


--
-- TOC entry 4910 (class 2606 OID 20831)
-- Name: sample_statuses sample_statuses_pkey; Type: CONSTRAINT; Schema: public; Owner: postgres
--

ALTER TABLE ONLY public.sample_statuses
    ADD CONSTRAINT sample_statuses_pkey PRIMARY KEY (sample_status_id);


--
-- TOC entry 4914 (class 2606 OID 20843)
-- Name: sample_transactions sample_transactions_pkey; Type: CONSTRAINT; Schema: public; Owner: postgres
--

ALTER TABLE ONLY public.sample_transactions
    ADD CONSTRAINT sample_transactions_pkey PRIMARY KEY (transaction_id);


--
-- TOC entry 4916 (class 2606 OID 20853)
-- Name: sample_types sample_types_pkey; Type: CONSTRAINT; Schema: public; Owner: postgres
--

ALTER TABLE ONLY public.sample_types
    ADD CONSTRAINT sample_types_pkey PRIMARY KEY (sample_type_id);


--
-- TOC entry 4920 (class 2606 OID 20865)
-- Name: samples samples_pkey; Type: CONSTRAINT; Schema: public; Owner: postgres
--

ALTER TABLE ONLY public.samples
    ADD CONSTRAINT samples_pkey PRIMARY KEY (sample_id);


--
-- TOC entry 4924 (class 2606 OID 20876)
-- Name: specimens specimens_pkey; Type: CONSTRAINT; Schema: public; Owner: postgres
--

ALTER TABLE ONLY public.specimens
    ADD CONSTRAINT specimens_pkey PRIMARY KEY (specimen_id);


--
-- TOC entry 4928 (class 2606 OID 20886)
-- Name: storage_containers storage_containers_pkey; Type: CONSTRAINT; Schema: public; Owner: postgres
--

ALTER TABLE ONLY public.storage_containers
    ADD CONSTRAINT storage_containers_pkey PRIMARY KEY (container_id);


--
-- TOC entry 4930 (class 2606 OID 20898)
-- Name: storage_locations storage_locations_pkey; Type: CONSTRAINT; Schema: public; Owner: postgres
--

ALTER TABLE ONLY public.storage_locations
    ADD CONSTRAINT storage_locations_pkey PRIMARY KEY (location_id);


--
-- TOC entry 4932 (class 2606 OID 20908)
-- Name: storage_units storage_units_pkey; Type: CONSTRAINT; Schema: public; Owner: postgres
--

ALTER TABLE ONLY public.storage_units
    ADD CONSTRAINT storage_units_pkey PRIMARY KEY (unit_id);


--
-- TOC entry 4934 (class 2606 OID 20916)
-- Name: transaction_types transaction_types_pkey; Type: CONSTRAINT; Schema: public; Owner: postgres
--

ALTER TABLE ONLY public.transaction_types
    ADD CONSTRAINT transaction_types_pkey PRIMARY KEY (transaction_type_id);


--
-- TOC entry 4908 (class 2606 OID 20974)
-- Name: roles uk716hgxp60ym1lifrdgp67xt5k; Type: CONSTRAINT; Schema: public; Owner: postgres
--

ALTER TABLE ONLY public.roles
    ADD CONSTRAINT uk716hgxp60ym1lifrdgp67xt5k UNIQUE (role_name);


--
-- TOC entry 4936 (class 2606 OID 20984)
-- Name: unit_types uk72khteglasq1pnyk63kvmromm; Type: CONSTRAINT; Schema: public; Owner: postgres
--

ALTER TABLE ONLY public.unit_types
    ADD CONSTRAINT uk72khteglasq1pnyk63kvmromm UNIQUE (unit_type_name);


--
-- TOC entry 4940 (class 2606 OID 20986)
-- Name: user_permission_overrides uk_user_permission_override; Type: CONSTRAINT; Schema: public; Owner: postgres
--

ALTER TABLE ONLY public.user_permission_overrides
    ADD CONSTRAINT uk_user_permission_override UNIQUE (user_id, permission_id);


--
-- TOC entry 4918 (class 2606 OID 20978)
-- Name: sample_types uka5vjroywgwv0xxusamsva0ro2; Type: CONSTRAINT; Schema: public; Owner: postgres
--

ALTER TABLE ONLY public.sample_types
    ADD CONSTRAINT uka5vjroywgwv0xxusamsva0ro2 UNIQUE (sample_type_name);


--
-- TOC entry 4894 (class 2606 OID 20970)
-- Name: patients ukchdyu78fj7fvtxna9f3mcqnyp; Type: CONSTRAINT; Schema: public; Owner: postgres
--

ALTER TABLE ONLY public.patients
    ADD CONSTRAINT ukchdyu78fj7fvtxna9f3mcqnyp UNIQUE (patient_barcode);


--
-- TOC entry 4926 (class 2606 OID 20982)
-- Name: specimens ukj6b6aywooyqom6pq6w0g27ipb; Type: CONSTRAINT; Schema: public; Owner: postgres
--

ALTER TABLE ONLY public.specimens
    ADD CONSTRAINT ukj6b6aywooyqom6pq6w0g27ipb UNIQUE (barcode);


--
-- TOC entry 4912 (class 2606 OID 20976)
-- Name: sample_statuses uklppqycbu6pd0k8kvcrh9kpwb7; Type: CONSTRAINT; Schema: public; Owner: postgres
--

ALTER TABLE ONLY public.sample_statuses
    ADD CONSTRAINT uklppqycbu6pd0k8kvcrh9kpwb7 UNIQUE (sample_status_name);


--
-- TOC entry 4898 (class 2606 OID 20972)
-- Name: permissions uknry1f3jmc4abb5yvkftlvn6vg; Type: CONSTRAINT; Schema: public; Owner: postgres
--

ALTER TABLE ONLY public.permissions
    ADD CONSTRAINT uknry1f3jmc4abb5yvkftlvn6vg UNIQUE (permission_name);


--
-- TOC entry 4890 (class 2606 OID 20968)
-- Name: nationalities ukqm3a8r569940imnakvp4kpo8g; Type: CONSTRAINT; Schema: public; Owner: postgres
--

ALTER TABLE ONLY public.nationalities
    ADD CONSTRAINT ukqm3a8r569940imnakvp4kpo8g UNIQUE (nationality_name);


--
-- TOC entry 4946 (class 2606 OID 20988)
-- Name: users ukr43af9ap4edm43mmtq01oddj6; Type: CONSTRAINT; Schema: public; Owner: postgres
--

ALTER TABLE ONLY public.users
    ADD CONSTRAINT ukr43af9ap4edm43mmtq01oddj6 UNIQUE (username);


--
-- TOC entry 4922 (class 2606 OID 20980)
-- Name: samples uktn16fc5jfvf1gc4uysao237m1; Type: CONSTRAINT; Schema: public; Owner: postgres
--

ALTER TABLE ONLY public.samples
    ADD CONSTRAINT uktn16fc5jfvf1gc4uysao237m1 UNIQUE (barcode);


--
-- TOC entry 4938 (class 2606 OID 20924)
-- Name: unit_types unit_types_pkey; Type: CONSTRAINT; Schema: public; Owner: postgres
--

ALTER TABLE ONLY public.unit_types
    ADD CONSTRAINT unit_types_pkey PRIMARY KEY (unit_type_id);


--
-- TOC entry 4942 (class 2606 OID 20934)
-- Name: user_permission_overrides user_permission_overrides_pkey; Type: CONSTRAINT; Schema: public; Owner: postgres
--

ALTER TABLE ONLY public.user_permission_overrides
    ADD CONSTRAINT user_permission_overrides_pkey PRIMARY KEY (user_permission_override_id);


--
-- TOC entry 4944 (class 2606 OID 20941)
-- Name: user_roles user_roles_pkey; Type: CONSTRAINT; Schema: public; Owner: postgres
--

ALTER TABLE ONLY public.user_roles
    ADD CONSTRAINT user_roles_pkey PRIMARY KEY (user_id, role_id);


--
-- TOC entry 4948 (class 2606 OID 20954)
-- Name: users users_pkey; Type: CONSTRAINT; Schema: public; Owner: postgres
--

ALTER TABLE ONLY public.users
    ADD CONSTRAINT users_pkey PRIMARY KEY (user_id);


--
-- TOC entry 4950 (class 2606 OID 20966)
-- Name: visits visits_pkey; Type: CONSTRAINT; Schema: public; Owner: postgres
--

ALTER TABLE ONLY public.visits
    ADD CONSTRAINT visits_pkey PRIMARY KEY (visit_id);


--
-- TOC entry 4955 (class 2606 OID 21019)
-- Name: researches fk1etbfcflgtycacit50jness1j; Type: FK CONSTRAINT; Schema: public; Owner: postgres
--

ALTER TABLE ONLY public.researches
    ADD CONSTRAINT fk1etbfcflgtycacit50jness1j FOREIGN KEY (research_group_id) REFERENCES public.research_groups(research_group_id);


--
-- TOC entry 4969 (class 2606 OID 21084)
-- Name: specimens fk2tmxay75ymnmo5mx4f30be5e; Type: FK CONSTRAINT; Schema: public; Owner: postgres
--

ALTER TABLE ONLY public.specimens
    ADD CONSTRAINT fk2tmxay75ymnmo5mx4f30be5e FOREIGN KEY (sample_status_id) REFERENCES public.sample_statuses(sample_status_id);


--
-- TOC entry 4960 (class 2606 OID 21044)
-- Name: sample_transactions fk30dpuras9ewf22x7b7xd7dcrg; Type: FK CONSTRAINT; Schema: public; Owner: postgres
--

ALTER TABLE ONLY public.sample_transactions
    ADD CONSTRAINT fk30dpuras9ewf22x7b7xd7dcrg FOREIGN KEY (specimen_id) REFERENCES public.specimens(specimen_id);


--
-- TOC entry 4961 (class 2606 OID 21049)
-- Name: sample_transactions fk4n26h50ehx0w8ysy62qmmkfdk; Type: FK CONSTRAINT; Schema: public; Owner: postgres
--

ALTER TABLE ONLY public.sample_transactions
    ADD CONSTRAINT fk4n26h50ehx0w8ysy62qmmkfdk FOREIGN KEY (transaction_type_id) REFERENCES public.transaction_types(transaction_type_id);


--
-- TOC entry 4975 (class 2606 OID 21099)
-- Name: storage_units fk7c3oa46f2e055dp39csfc6jqe; Type: FK CONSTRAINT; Schema: public; Owner: postgres
--

ALTER TABLE ONLY public.storage_units
    ADD CONSTRAINT fk7c3oa46f2e055dp39csfc6jqe FOREIGN KEY (location_id) REFERENCES public.storage_locations(location_id);


--
-- TOC entry 4973 (class 2606 OID 21094)
-- Name: storage_containers fk7kxapkkwxuplb4v6h4ryrlcyt; Type: FK CONSTRAINT; Schema: public; Owner: postgres
--

ALTER TABLE ONLY public.storage_containers
    ADD CONSTRAINT fk7kxapkkwxuplb4v6h4ryrlcyt FOREIGN KEY (unit_id) REFERENCES public.storage_units(unit_id);


--
-- TOC entry 4974 (class 2606 OID 21089)
-- Name: storage_containers fk805noy00dquisj3piocmglp48; Type: FK CONSTRAINT; Schema: public; Owner: postgres
--

ALTER TABLE ONLY public.storage_containers
    ADD CONSTRAINT fk805noy00dquisj3piocmglp48 FOREIGN KEY (template_id) REFERENCES public.container_type_templates(template_id);


--
-- TOC entry 4962 (class 2606 OID 21054)
-- Name: sample_transactions fk89s3nesuky2vpsqshgngl75kq; Type: FK CONSTRAINT; Schema: public; Owner: postgres
--

ALTER TABLE ONLY public.sample_transactions
    ADD CONSTRAINT fk89s3nesuky2vpsqshgngl75kq FOREIGN KEY (user_id) REFERENCES public.users(user_id);


--
-- TOC entry 4970 (class 2606 OID 21079)
-- Name: specimens fk9fv5sbxft2hq6p6jbobpc58h3; Type: FK CONSTRAINT; Schema: public; Owner: postgres
--

ALTER TABLE ONLY public.specimens
    ADD CONSTRAINT fk9fv5sbxft2hq6p6jbobpc58h3 FOREIGN KEY (sample_id) REFERENCES public.samples(sample_id);


--
-- TOC entry 4953 (class 2606 OID 21004)
-- Name: patients fk9u8tk95umef2n16dv4ugcbumx; Type: FK CONSTRAINT; Schema: public; Owner: postgres
--

ALTER TABLE ONLY public.patients
    ADD CONSTRAINT fk9u8tk95umef2n16dv4ugcbumx FOREIGN KEY (nationality_id) REFERENCES public.nationalities(nationality_id);


--
-- TOC entry 4965 (class 2606 OID 21139)
-- Name: samples fk_samples_container; Type: FK CONSTRAINT; Schema: public; Owner: postgres
--

ALTER TABLE ONLY public.samples
    ADD CONSTRAINT fk_samples_container FOREIGN KEY (container_id) REFERENCES public.storage_containers(container_id) ON DELETE SET NULL;


--
-- TOC entry 4971 (class 2606 OID 21144)
-- Name: specimens fk_specimens_container; Type: FK CONSTRAINT; Schema: public; Owner: postgres
--

ALTER TABLE ONLY public.specimens
    ADD CONSTRAINT fk_specimens_container FOREIGN KEY (container_id) REFERENCES public.storage_containers(container_id) ON DELETE SET NULL;


--
-- TOC entry 4966 (class 2606 OID 21064)
-- Name: samples fkcvntnxwja97qhalrj2anyxdne; Type: FK CONSTRAINT; Schema: public; Owner: postgres
--

ALTER TABLE ONLY public.samples
    ADD CONSTRAINT fkcvntnxwja97qhalrj2anyxdne FOREIGN KEY (sample_type_id) REFERENCES public.sample_types(sample_type_id);


--
-- TOC entry 4951 (class 2606 OID 20989)
-- Name: patient_comorbid_diagnoses fkd6t9muag6olqvxvjykee3cnoq; Type: FK CONSTRAINT; Schema: public; Owner: postgres
--

ALTER TABLE ONLY public.patient_comorbid_diagnoses
    ADD CONSTRAINT fkd6t9muag6olqvxvjykee3cnoq FOREIGN KEY (diagnosis_id) REFERENCES public.diagnoses(diagnosis_id);


--
-- TOC entry 4958 (class 2606 OID 21024)
-- Name: role_permissions fkegdk29eiy7mdtefy5c7eirr6e; Type: FK CONSTRAINT; Schema: public; Owner: postgres
--

ALTER TABLE ONLY public.role_permissions
    ADD CONSTRAINT fkegdk29eiy7mdtefy5c7eirr6e FOREIGN KEY (permission_id) REFERENCES public.permissions(permissions_id);


--
-- TOC entry 4956 (class 2606 OID 21009)
-- Name: researches fkf0yo9gr7h3hx38ienyjoo14j6; Type: FK CONSTRAINT; Schema: public; Owner: postgres
--

ALTER TABLE ONLY public.researches
    ADD CONSTRAINT fkf0yo9gr7h3hx38ienyjoo14j6 FOREIGN KEY (department_id) REFERENCES public.departments(department_id);


--
-- TOC entry 4979 (class 2606 OID 21119)
-- Name: user_roles fkh8ciramu9cc9q3qcqiv4ue8a6; Type: FK CONSTRAINT; Schema: public; Owner: postgres
--

ALTER TABLE ONLY public.user_roles
    ADD CONSTRAINT fkh8ciramu9cc9q3qcqiv4ue8a6 FOREIGN KEY (role_id) REFERENCES public.roles(role_id);


--
-- TOC entry 4980 (class 2606 OID 21124)
-- Name: user_roles fkhfh9dx7w3ubf1co1vdev94g3f; Type: FK CONSTRAINT; Schema: public; Owner: postgres
--

ALTER TABLE ONLY public.user_roles
    ADD CONSTRAINT fkhfh9dx7w3ubf1co1vdev94g3f FOREIGN KEY (user_id) REFERENCES public.users(user_id);


--
-- TOC entry 4976 (class 2606 OID 21104)
-- Name: storage_units fkhnjapnod3njbfamhj8l38ke5l; Type: FK CONSTRAINT; Schema: public; Owner: postgres
--

ALTER TABLE ONLY public.storage_units
    ADD CONSTRAINT fkhnjapnod3njbfamhj8l38ke5l FOREIGN KEY (unit_type_id) REFERENCES public.unit_types(unit_type_id);


--
-- TOC entry 4977 (class 2606 OID 21114)
-- Name: user_permission_overrides fkkppc8es7a6ro6cey0regbxiit; Type: FK CONSTRAINT; Schema: public; Owner: postgres
--

ALTER TABLE ONLY public.user_permission_overrides
    ADD CONSTRAINT fkkppc8es7a6ro6cey0regbxiit FOREIGN KEY (user_id) REFERENCES public.users(user_id);


--
-- TOC entry 4978 (class 2606 OID 21109)
-- Name: user_permission_overrides fkl41jpmfrwb159194d70o3vw33; Type: FK CONSTRAINT; Schema: public; Owner: postgres
--

ALTER TABLE ONLY public.user_permission_overrides
    ADD CONSTRAINT fkl41jpmfrwb159194d70o3vw33 FOREIGN KEY (permission_id) REFERENCES public.permissions(permissions_id);


--
-- TOC entry 4959 (class 2606 OID 21029)
-- Name: role_permissions fkn5fotdgk8d1xvo8nav9uv3muc; Type: FK CONSTRAINT; Schema: public; Owner: postgres
--

ALTER TABLE ONLY public.role_permissions
    ADD CONSTRAINT fkn5fotdgk8d1xvo8nav9uv3muc FOREIGN KEY (role_id) REFERENCES public.roles(role_id);


--
-- TOC entry 4957 (class 2606 OID 21014)
-- Name: researches fkonrhohkly72u8ef5vny3au3fw; Type: FK CONSTRAINT; Schema: public; Owner: postgres
--

ALTER TABLE ONLY public.researches
    ADD CONSTRAINT fkonrhohkly72u8ef5vny3au3fw FOREIGN KEY (financing_source_id) REFERENCES public.financing_sources(financing_source_id);


--
-- TOC entry 4963 (class 2606 OID 21039)
-- Name: sample_transactions fkp3th7qyjfw0p4evxmjd9nlbch; Type: FK CONSTRAINT; Schema: public; Owner: postgres
--

ALTER TABLE ONLY public.sample_transactions
    ADD CONSTRAINT fkp3th7qyjfw0p4evxmjd9nlbch FOREIGN KEY (sample_id) REFERENCES public.samples(sample_id);


--
-- TOC entry 4967 (class 2606 OID 21069)
-- Name: samples fkpd84s7wqaqfgasvfth334itm5; Type: FK CONSTRAINT; Schema: public; Owner: postgres
--

ALTER TABLE ONLY public.samples
    ADD CONSTRAINT fkpd84s7wqaqfgasvfth334itm5 FOREIGN KEY (visit_id) REFERENCES public.visits(visit_id);


--
-- TOC entry 4964 (class 2606 OID 21034)
-- Name: sample_transactions fkqna7wy3p5axosr32ajodla6iw; Type: FK CONSTRAINT; Schema: public; Owner: postgres
--

ALTER TABLE ONLY public.sample_transactions
    ADD CONSTRAINT fkqna7wy3p5axosr32ajodla6iw FOREIGN KEY (department_id) REFERENCES public.departments(department_id);


--
-- TOC entry 4972 (class 2606 OID 21074)
-- Name: specimens fkqtygm4ycu3anripb9dc92gb4p; Type: FK CONSTRAINT; Schema: public; Owner: postgres
--

ALTER TABLE ONLY public.specimens
    ADD CONSTRAINT fkqtygm4ycu3anripb9dc92gb4p FOREIGN KEY (container_id) REFERENCES public.storage_containers(container_id);


--
-- TOC entry 4981 (class 2606 OID 21129)
-- Name: visits fkra5p2e0tp6djolm46kdr42cyt; Type: FK CONSTRAINT; Schema: public; Owner: postgres
--

ALTER TABLE ONLY public.visits
    ADD CONSTRAINT fkra5p2e0tp6djolm46kdr42cyt FOREIGN KEY (patient_id) REFERENCES public.patients(patient_id);


--
-- TOC entry 4968 (class 2606 OID 21059)
-- Name: samples fkse7qg5om40v2dswp3axaf5lyv; Type: FK CONSTRAINT; Schema: public; Owner: postgres
--

ALTER TABLE ONLY public.samples
    ADD CONSTRAINT fkse7qg5om40v2dswp3axaf5lyv FOREIGN KEY (container_id) REFERENCES public.storage_containers(container_id);


--
-- TOC entry 4982 (class 2606 OID 21134)
-- Name: visits fksgm2ob3jm3hjtapw7mweiunxs; Type: FK CONSTRAINT; Schema: public; Owner: postgres
--

ALTER TABLE ONLY public.visits
    ADD CONSTRAINT fksgm2ob3jm3hjtapw7mweiunxs FOREIGN KEY (research_id) REFERENCES public.researches(research_id);


--
-- TOC entry 4954 (class 2606 OID 20999)
-- Name: patients fkt6pa6535hjp4kvyeenf2u4ivv; Type: FK CONSTRAINT; Schema: public; Owner: postgres
--

ALTER TABLE ONLY public.patients
    ADD CONSTRAINT fkt6pa6535hjp4kvyeenf2u4ivv FOREIGN KEY (main_diagnosis_id) REFERENCES public.diagnoses(diagnosis_id);


--
-- TOC entry 4952 (class 2606 OID 20994)
-- Name: patient_comorbid_diagnoses fktruewaa2dscodyk21koyy2xji; Type: FK CONSTRAINT; Schema: public; Owner: postgres
--

ALTER TABLE ONLY public.patient_comorbid_diagnoses
    ADD CONSTRAINT fktruewaa2dscodyk21koyy2xji FOREIGN KEY (patient_id) REFERENCES public.patients(patient_id);


-- Completed on 2026-04-13 19:30:01

--
-- PostgreSQL database dump complete
--

\unrestrict 574NUHUVhAiUj0gpNxFEaSGXZ61C7CbOq2u4vxYduBe3ZWAtNcgsIb3AbxVbeyZ

